{
	"info": {
		"_postman_id": "c21450a1-616d-4fb8-8a23-f20127bc3a2f",
		"name": "Verification",
		"schema": "https://schema.getpostman.com/json/collection/v2.1.0/collection.json"
	},
	"item": [
		{
			"name": "GET PAN VERIFICATION STATUS",
			"request": {
				"method": "GET",
				"header": [
					{
						"key": "x-client-id",
						"value": "CF27C0MC5I7A55OA211PLI60",
						"type": "text"
					},
					{
						"key": "x-client-secret",
						"value": "e9b87a2c07eb0fd73f8c425a32948f69c6dbdec1",
						"type": "text"
					},
					{
						"key": "x-api-version",
						"value": "v1",
						"type": "text"
					},
					{
						"key": "X-Request-Id",
						"value": "abcdefg",
						"type": "text",
						"disabled": true
					}
				],
				"url": {
					"raw": "https://gamma.cashfree.com/verification/pan/1",
					"protocol": "https",
					"host": [
						"gamma",
						"cashfree",
						"com"
					],
					"path": [
						"verification",
						"pan",
						"1"
					]
				}
			},
			"response": []
		},
		{
			"name": "VERIFY PAN(SYNC)",
			"protocolProfileBehavior": {
				"disabledSystemHeaders": {}
			},
			"request": {
				"method": "POST",
				"header": [
					{
						"key": "x-client-id",
						"value": "CF27C0MC5I7A55OA211PLI60",
						"type": "text"
					},
					{
						"key": "x-client-secret",
						"value": "e9b87a2c07eb0fd73f8c425a32948f69c6dbdec1",
						"type": "text"
					},
					{
						"key": "x-api-version",
						"value": "v1",
						"type": "text"
					},
					{
						"key": "Content-Type",
						"value": "application/json",
						"type": "text",
						"disabled": true
					}
				],
				"body": {
					"mode": "raw",
					"raw": "\n    {\n        \"name\":\"Test\",\n        \"pan\":\"ABCPV1234D\"\n    }",
					"options": {
						"raw": {
							"language": "json"
						}
					}
				},
				"url": {
					"raw": "https://gamma.cashfree.com/verification/pan",
					"protocol": "https",
					"host": [
						"gamma",
						"cashfree",
						"com"
					],
					"path": [
						"verification",
						"pan"
					]
				}
			},
			"response": []
		},
		{
			"name": "GET BULK PAN",
			"protocolProfileBehavior": {
				"disabledSystemHeaders": {}
			},
			"request": {
				"method": "GET",
				"header": [
					{
						"key": "x-api-version",
						"value": "v1",
						"type": "text"
					},
					{
						"key": "x-client-secret",
						"value": "e9b87a2c07eb0fd73f8c425a32948f69c6dbdec1",
						"type": "text"
					},
					{
						"key": "x-client-id",
						"value": "CF27C0MC5I7A55OA211PLI60",
						"type": "text"
					},
					{
						"key": "Content-Type",
						"value": "application/json",
						"type": "text",
						"disabled": true
					}
				],
				"url": {
					"raw": "https://gamma.cashfree.com/verification/pan/bulk?reference_id=4",
					"protocol": "https",
					"host": [
						"gamma",
						"cashfree",
						"com"
					],
					"path": [
						"verification",
						"pan",
						"bulk"
					],
					"query": [
						{
							"key": "x-api-version",
							"value": null,
							"disabled": true
						},
						{
							"key": "reference_id",
							"value": "1",
							"disabled": true
						},
						{
							"key": "reference_id",
							"value": "4"
						}
					]
				}
			},
			"response": []
		},
		{
			"name": "VERIFY BULK PAN",
			"request": {
				"method": "POST",
				"header": [
					{
						"key": "x-client-id",
						"value": "CF27C0MC5I7A55OA211PLI60",
						"type": "text"
					},
					{
						"key": "x-client-secret",
						"value": "e9b87a2c07eb0fd73f8c425a32948f69c6dbdec1",
						"type": "text"
					},
					{
						"key": "x-api-version",
						"value": "v1",
						"type": "text"
					}
				],
				"body": {
					"mode": "raw",
					"raw": "{\n    \"bulk_verification_id\": \"fs2f3sad2a2s3m1sd\",\n    \"entries\":[\n        {\n            \"name\": \"test\",\n            \"pan\": \"ABCPV1234D\"\n        },\n        {\n            \"name\": \"test\",\n            \"pan\": \"ABCPV1234D\"\n        }\n\n    ]\n}",
					"options": {
						"raw": {
							"language": "json"
						}
					}
				},
				"url": {
					"raw": "https://gamma.cashfree.com/verification/pan/bulk",
					"protocol": "https",
					"host": [
						"gamma",
						"cashfree",
						"com"
					],
					"path": [
						"verification",
						"pan",
						"bulk"
					]
				}
			},
			"response": []
		}
	]
}