{
	"info": {
		"_postman_id": "83bd2b32-9ff5-415f-b5c6-aa0daf350f97",
		"name": "Verification Suite",
		"schema": "https://schema.getpostman.com/json/collection/v2.1.0/collection.json",
		"_exporter_id": "23747953"
	},
	"item": [
		{
			"name": "PAN Verification",
			"item": [
				{
					"name": "Verify PAN Sync",
					"request": {
						"method": "POST",
						"header": [
							{
								"key": "x-client-id",
								"value": "CF27CA1LS11CEA0J94UQNL1G",
								"type": "text"
							},
							{
								"key": "x-client-secret",
								"value": "2bb51ba4ff0e2f85ece487da187ecd6565351fa7",
								"type": "text"
							}
						],
						"body": {
							"mode": "raw",
							"raw": "{\n    \"pan\":\"ABCPV1234D\"\n}",
							"options": {
								"raw": {
									"language": "json"
								}
							}
						},
						"url": {
							"raw": "https://gamma.cashfree.com/verification/pan",
							"protocol": "https",
							"host": [
								"gamma",
								"cashfree",
								"com"
							],
							"path": [
								"verification",
								"pan"
							]
						}
					},
					"response": []
				},
				{
					"name": "Get PAN Verification Status",
					"request": {
						"method": "GET",
						"header": [
							{
								"key": "x-client-id",
								"value": "CF27CA1LS11CEA0J94UQNL1G",
								"type": "text"
							},
							{
								"key": "x-client-secret",
								"value": "2bb51ba4ff0e2f85ece487da187ecd6565351fa7",
								"type": "text"
							}
						],
						"url": {
							"raw": "https://gamma.cashfree.com/verification/pan/:reference_id",
							"protocol": "https",
							"host": [
								"gamma",
								"cashfree",
								"com"
							],
							"path": [
								"verification",
								"pan",
								":reference_id"
							],
							"variable": [
								{
									"key": "reference_id",
									"value": "68552"
								}
							]
						}
					},
					"response": []
				},
				{
					"name": "Verify Bulk PAN",
					"request": {
						"method": "POST",
						"header": [
							{
								"key": "x-client-id",
								"value": "CF27CA1LS11CEA0J94UQNL1G",
								"type": "text"
							},
							{
								"key": "x-client-secret",
								"value": "2bb51ba4ff0e2f85ece487da187ecd6565351fa7",
								"type": "text"
							}
						],
						"body": {
							"mode": "raw",
							"raw": "{\n    \"bulk_verification_id\":\"test891\",\n    \"entries\":[{\n    \"name\":\"iihoasd\",\n    \"pan\":\"ABCPV1234D\"\n}]\n}",
							"options": {
								"raw": {
									"language": "json"
								}
							}
						},
						"url": {
							"raw": "https://gamma.cashfree.com/verification/pan/bulk",
							"protocol": "https",
							"host": [
								"gamma",
								"cashfree",
								"com"
							],
							"path": [
								"verification",
								"pan",
								"bulk"
							]
						}
					},
					"response": []
				},
				{
					"name": "Get Bulk PAN Status",
					"request": {
						"method": "GET",
						"header": [
							{
								"key": "x-client-id",
								"value": "CF27CA1LS11CEA0J94UQNL1G",
								"type": "text"
							},
							{
								"key": "x-client-secret",
								"value": "2bb51ba4ff0e2f85ece487da187ecd6565351fa7",
								"type": "text"
							}
						],
						"url": {
							"raw": "https://gamma.cashfree.com/verification/pan/bulk?reference_id=1206&bulk_verification_id=test891",
							"protocol": "https",
							"host": [
								"gamma",
								"cashfree",
								"com"
							],
							"path": [
								"verification",
								"pan",
								"bulk"
							],
							"query": [
								{
									"key": "reference_id",
									"value": "1206"
								},
								{
									"key": "bulk_verification_id",
									"value": "test891"
								}
							]
						}
					},
					"response": []
				}
			]
		},
		{
			"name": "PAN Verification OCR",
			"item": [
				{
					"name": "PAN Verification via OCR",
					"request": {
						"method": "POST",
						"header": [
							{
								"key": "x-client-id",
								"value": "CF27CA1LS11CEA0J94UQNL1G",
								"type": "text"
							},
							{
								"key": "x-client-secret",
								"value": "2bb51ba4ff0e2f85ece487da187ecd6565351fa7",
								"type": "text"
							}
						],
						"body": {
							"mode": "formdata",
							"formdata": [
								{
									"key": "front_image",
									"type": "file",
									"src": "/Users/harshjain/Downloads/image-20230130-131728.png"
								},
								{
									"key": "verification_id",
									"value": "dasdas",
									"type": "text"
								}
							]
						},
						"url": {
							"raw": "https://gamma.cashfree.com/verification/document/pan",
							"protocol": "https",
							"host": [
								"gamma",
								"cashfree",
								"com"
							],
							"path": [
								"verification",
								"document",
								"pan"
							]
						}
					},
					"response": []
				}
			]
		},
		{
			"name": "Aadhaar Verification",
			"item": [
				{
					"name": "Generate OTP to Verify Aadhaar",
					"request": {
						"method": "POST",
						"header": [
							{
								"key": "x-client-id",
								"value": "CF27CA1LS11CEA0J94UQNL1G",
								"type": "text"
							},
							{
								"key": "x-client-secret",
								"value": "2bb51ba4ff0e2f85ece487da187ecd6565351fa7",
								"type": "text"
							}
						],
						"body": {
							"mode": "raw",
							"raw": "{\n    \"aadhaar_number\":\"655675523712\"\n}",
							"options": {
								"raw": {
									"language": "json"
								}
							}
						},
						"url": {
							"raw": "https://gamma.cashfree.com/verification/offline-aadhaar/otp",
							"protocol": "https",
							"host": [
								"gamma",
								"cashfree",
								"com"
							],
							"path": [
								"verification",
								"offline-aadhaar",
								"otp"
							]
						}
					},
					"response": []
				},
				{
					"name": "Submit OTP for Aadhaar Verification",
					"request": {
						"method": "POST",
						"header": [
							{
								"key": "x-client-id",
								"value": "CF27CA1LS11CEA0J94UQNL1G",
								"type": "text"
							},
							{
								"key": "x-client-secret",
								"value": "2bb51ba4ff0e2f85ece487da187ecd6565351fa7",
								"type": "text"
							}
						],
						"body": {
							"mode": "raw",
							"raw": "{\n    \"otp\":\"111000\",\n    \"ref_id\":\"3350\"\n}",
							"options": {
								"raw": {
									"language": "json"
								}
							}
						},
						"url": {
							"raw": "https://gamma.cashfree.com/verification/offline-aadhaar/verify",
							"protocol": "https",
							"host": [
								"gamma",
								"cashfree",
								"com"
							],
							"path": [
								"verification",
								"offline-aadhaar",
								"verify"
							]
						}
					},
					"response": []
				}
			]
		},
		{
			"name": "Aadhaar Verification OCR",
			"item": [
				{
					"name": "Aadhaar Verification via OCR",
					"request": {
						"auth": {
							"type": "noauth"
						},
						"method": "POST",
						"header": [
							{
								"key": "x-client-id",
								"value": "CF27CA1LS11CEA0J94UQNL1G",
								"type": "text"
							},
							{
								"key": "x-client-secret",
								"value": "2bb51ba4ff0e2f85ece487da187ecd6565351fa7",
								"type": "text"
							}
						],
						"body": {
							"mode": "formdata",
							"formdata": [
								{
									"key": "front_image",
									"type": "file",
									"src": []
								},
								{
									"key": "back_image",
									"type": "file",
									"src": []
								},
								{
									"key": "verification_id",
									"value": "dadsad",
									"type": "text"
								}
							]
						},
						"url": {
							"raw": "https://gamma.cashfree.com/verification/document/aadhaar",
							"protocol": "https",
							"host": [
								"gamma",
								"cashfree",
								"com"
							],
							"path": [
								"verification",
								"document",
								"aadhaar"
							]
						}
					},
					"response": []
				}
			]
		},
		{
			"name": "GSTIN Verification",
			"item": [
				{
					"name": "Verify GSTIN",
					"request": {
						"method": "POST",
						"header": [
							{
								"key": "x-client-id",
								"value": "CF27CA1LS11CEA0J94UQNL1G",
								"type": "text"
							},
							{
								"key": "x-client-secret",
								"value": "2bb51ba4ff0e2f85ece487da187ecd6565351fa7",
								"type": "text"
							}
						],
						"body": {
							"mode": "raw",
							"raw": "{\n    \"GSTIN\":\"29AAICP2912R1ZR\",\n    \"businessName\":\"\",\n    \"source\":\"\"\n}",
							"options": {
								"raw": {
									"language": "json"
								}
							}
						},
						"url": {
							"raw": "https://gamma.cashfree.com/verification/gstin",
							"protocol": "https",
							"host": [
								"gamma",
								"cashfree",
								"com"
							],
							"path": [
								"verification",
								"gstin"
							]
						}
					},
					"response": []
				}
			]
		}
	]
}